Steps,_std_act,ExplainedVarNew,_mean_discrew,_min_obs,KL,ExplainedVarOld,Beta,_std_discrew,ValFuncLoss,_mean_adv,_Episode,_std_obs,_std_adv,_lr_multiplier,_mean_act,PolicyLoss,_max_obs,_max_adv,_min_act,_mean_obs,_max_act,_max_discrew,_min_adv,PolicyEntropy,_MeanReward,_min_discrew
342,0.40342307,-5.351863661417502,0.005378021317902876,-7.150133015085047,0.016030991,-114.0394087636455,1.5,0.0002708036713472326,0.0018191531318737786,-1.1946259446258994e-16,20,0.3968377314362894,0.9999888757311922,1.0,0.077323504,-0.07446339,6.858145646828393,4.386856241413037,-2.4963136,0.000856985841323343,2.5889518,0.07136426680572834,-1.5231724953416776,5.514907,3.4174219495529634,-0.02549107885216652
328,0.37992704,0.13015652254770416,0.0027287449026752782,-2.690571790480768,0.009825106,-1.0167994347392515,2.25,0.00024284076267770322,0.00021664975282398711,8.12358310701334e-18,40,0.09326838792707108,0.9999065599810811,1.0,0.003628728,-0.06027002,1.0712876782661345,3.1577667860657876,-2.074468,-0.013536634380303102,1.8181596,0.049985422145693126,-3.647244378841248,5.528833,2.6294794907610344,-0.031236965615754026
439,0.38035145,0.15316295200706231,0.014502489205677163,-1.668641269672718,0.008990697,0.05031542482842921,3.375,0.0006127866125273934,0.0005422580779616416,6.474193492119364e-17,60,0.08202335813679788,0.9999043012394871,1.0,0.06349634,-0.03794459,1.1537857367521953,3.0139829954124036,-2.3206153,0.016708144137690374,2.1270316,0.10248517966254042,-2.3268868516577528,5.521054,7.0277136548179,-0.030232001662354645
581,0.36532775,0.26331279304233324,0.035733442334513886,-1.6425445310349138,0.0041519315,0.0376931336510099,3.375,0.003122461678715627,0.002366836950771248,4.891860487160759e-17,80,0.07979976913705907,0.9999519543942484,1.0,0.09802836,-0.0322995,1.0970061015364798,3.1853666668395517,-1.6876479,0.03569552544757479,2.4113035,0.23457948539071766,-1.7980038119266744,5.524237,12.84586256895266,-0.034166442297806965
576,0.3811922,0.4506721654581908,0.043459972081420606,-1.2541802233153279,0.004230532,0.07168830695414108,3.375,0.004620022979445908,0.0025585785368645994,4.9343245538895844e-17,100,0.07693059482736425,0.9999580779498962,1.0,0.089883454,-0.030621165,1.0175126493291295,3.1931023254422906,-2.03806,0.02575032296325197,3.00373,0.2219093242988891,-1.9339343006745744,5.498742,11.864515453174146,-0.04566956362317834
636,0.37992355,0.4039185819068779,0.019878171480823714,-1.4105565392581436,0.0034173848,0.0643309351907908,3.375,0.0016298021273416907,0.0009864694043770872,6.144630576541747e-17,120,0.07464618353378745,0.9999458279735107,1.0,0.099032596,-0.03120831,0.9729848606234124,3.536871994512433,-1.9888448,0.017354921110551574,2.2521927,0.17138578410108052,-3.1496094201555427,5.4578495,12.535053486076537,-0.057887165611791025
703,0.36527726,0.4474936168421154,0.03672327155301321,-1.4927411061770384,0.0040561287,-0.05081517329324914,3.375,0.002080872303931469,0.0012107621379440097,0.0,140,0.07537625709682963,0.9999517571802253,1.0,0.11858296,-0.031198094,1.110503210303248,2.93332650991248,-2.1707618,0.025407677578121034,2.1909046,0.16648063696379847,-3.33145121921612,5.4551864,16.801050618348942,-0.04792605657978616
1089,0.37111458,0.8651361841732633,0.18119637471659591,-1.83307631275073,0.0033586686,0.06045282377173877,3.375,0.07974549431127685,0.01086139621690818,-1.0439562692526724e-16,160,0.08612707973454514,0.9999819426241658,1.0,0.13578556,-0.030945946,1.8529606277361625,2.969671039158045,-1.9742285,0.03842341786873239,2.5583925,0.9786059494156744,-1.6971697478923387,5.4395285,40.01881983389759,-0.05908372543185085
1068,0.34926045,0.5878573164264158,0.028918242237508364,-1.2304133753058406,0.001785904,-0.24638479612679576,3.375,0.008381789500772889,0.0034616426371210335,-6.653021870412923e-18,180,0.07843076223149234,0.9999769542153801,1.0,0.13271505,-0.020635111,1.3007625698094463,3.509409768576449,-2.3176587,0.016710590211882724,2.2972858,0.33092229576767146,-5.203408012075893,5.442689,20.0108371996161,-0.15049718996230563
1219,0.36352345,0.7165429172764312,0.14124008761043216,-1.1975066005233475,0.002231313,0.07992827515139755,3.375,0.04343175352659812,0.01231110137753933,1.1657797141264975e-17,200,0.07647268994373964,0.9999879480550947,1.0,0.13718788,-0.02265587,1.6449975062879412,3.586601680677937,-2.2114892,0.04127335559677821,2.5277848,0.7367478838262529,-5.448707119018243,5.4591,44.36405967094752,-0.16908795747998312
1046,0.3660873,0.6530913840767898,0.08775954991802212,-1.579838539024606,0.0030975924,-0.21148688622568734,3.375,0.01498848649382456,0.005361497202634406,-2.0378854754113773e-17,220,0.07611145709152178,0.9999838772695375,1.0,0.13399455,-0.025424514,1.058068491771175,4.232518878817208,-2.2462173,0.012020445894239968,2.4225338,0.5680223253473045,-4.764105432419751,5.439582,29.57654565997466,-0.034173117500037015
1315,0.37600687,0.6611183049655178,0.08096179768352689,-1.6260231064665778,0.0020249402,-0.0845460955654811,3.375,0.01938236479417294,0.00658631872923528,-1.485925873262567e-17,240,0.07758038881481949,0.9999842058187931,1.0,0.15387799,-0.023687605,1.563334522529239,3.9328535903712534,-1.988237,0.03108383145601468,2.491409,0.6204177116252204,-4.706967592469375,5.4163113,38.77290954185496,-0.11601180108374308
1554,0.36176053,0.7541858452819448,0.3239692431930013,-1.5324809317682748,0.0018307319,0.20861750723571293,3.375,0.09755478942666697,0.02477526293534841,-8.230224738533979e-17,260,0.08853110709280962,0.9999873516398423,1.0,0.16196916,-0.01872194,1.8350636721803377,3.399308973653976,-1.7775759,0.03371040321342181,2.4458706,0.9504264882983336,-4.798571171894391,5.3941126,83.47922335138988,-0.04527799775210588
1859,0.3680221,0.8174366685670127,0.2693268867789128,-1.3459152616009609,0.0015027915,0.34572676422729065,3.375,0.07668379808870412,0.014194294229400621,-7.644354338462616e-18,280,0.08758219609880602,0.9999885416066986,1.0,0.15826695,-0.017542372,1.7297220624335794,3.133540098766541,-2.3443851,0.02854587490385135,3.1440644,0.8336011569815898,-5.605311150023248,5.3897266,92.41487742040226,-0.12402409890797779
1610,0.3707391,0.83404822229217,0.16324794346807583,-1.2394406612370579,0.0015542174,0.3864059816925446,3.375,0.06696832339518419,0.011173921206920899,-8.826617835529195e-18,300,0.08011724408882465,0.9999868707006944,1.0,0.14734082,-0.017266182,1.569598449652301,3.598675264684122,-2.1656392,0.009623828565933214,2.5912006,0.9351221029690437,-5.516091024104726,5.357219,54.23083792298014,-0.11540012495952351
2046,0.35437584,0.8067903604365433,0.23046525150348882,-1.3484096603151816,0.0010049911,0.3025081241975689,2.25,0.07476811142454864,0.014605727109171096,1.3891353582797658e-17,320,0.07767919218016023,0.999988397871777,1.0,0.1640212,-0.011754706,1.371995181734359,3.8452904859361503,-2.3612218,0.024077320742133028,2.411882,0.771947625568214,-4.45667951583381,5.3472757,84.80025153434049,-0.19502492466632082
2355,0.35897395,0.8223813685104795,0.2735138556670806,-1.2905066795582385,0.0014544396,0.44016050631727344,1.5,0.10392159754940496,0.018720443087648725,-2.4137332849600007e-17,340,0.07221681994944462,0.9999876429460873,1.0,0.16446091,-0.011488378,1.3547984401500386,3.550304065960379,-2.2212615,0.03213155398226811,2.6148016,0.907633753481766,-4.726447365146143,5.332509,103.05787055343089,-0.21475950314628545
2391,0.35043022,0.7690275247962404,0.21897051082130994,-1.378508755388936,0.0029201333,0.13329237078130995,1.5,0.08533815167699728,0.019835026506545332,1.1886955010624846e-17,360,0.07382415331393513,0.9999902944360566,1.0,0.17055172,-0.014045563,1.2715413260501638,3.3312378707185037,-2.2123394,0.01873644023648856,2.4071937,0.9562013583267741,-4.730294840984061,5.3211894,90.16528692424961,-0.1452211416497573
3071,0.35264993,0.7633895770362993,0.27539125788967306,-1.3953604620180373,0.0016829964,0.2414325644614448,1.5,0.08941364405438597,0.021228225148221355,-2.31371779798144e-18,380,0.07322334498681152,0.9999891796078031,1.0,0.17895757,-0.010649836,1.7650255951782368,3.496712587936088,-2.0467386,0.03291906033300485,2.5472138,0.8385701258188162,-4.351240189123471,5.3059473,123.56465523884283,-0.1513716943314047
2585,0.35485944,0.8404125890884893,0.26488194294911604,-1.1558309544262468,0.0018232192,0.46316372295860286,1.5,0.10443650268840454,0.01667385966135473,0.0,400,0.07005275294445973,0.9999880378264295,1.0,0.18980274,-0.01314589,1.532684195959994,3.7837772042911704,-2.1013556,0.031619999138887384,2.5039396,0.9269948288125689,-4.663810649588998,5.299887,115.70482721794599,-0.16009777381454762
2589,0.35414907,0.861457640192823,0.21980187787095076,-1.1095826965602704,0.0018666394,0.441034816585791,1.5,0.09784501181342212,0.013555758019184419,1.0977871545154116e-17,420,0.07012395684806441,0.9999887417021281,1.0,0.18924358,-0.013404786,1.2228528736286204,4.428727486371767,-1.8657695,0.02407063035949549,2.7733593,0.9409655359731937,-4.408704185542924,5.314754,103.36526121703324,-0.3008123681083198
3308,0.36196038,0.8607465967892914,0.41760062254133323,-1.3334939841484015,0.0019238837,0.44519489914321786,1.5,0.11560736842428751,0.01610434521022449,0.0,440,0.0742309919443703,0.9999892062778015,1.0,0.20121537,-0.010919999,1.3893845715370516,3.868752373108424,-2.440277,0.030220628983920476,2.872097,1.0053143304632175,-4.254281170915614,5.322436,186.63128937828293,-0.20084053939002922
3124,0.35117364,0.8938458122986022,0.3798154889812524,-1.4287103509638421,0.002081049,0.5087427214671185,1.5,0.11335548881914734,0.01224239229779661,-9.097858332395649e-18,460,0.07312048282732583,0.9999897607905872,1.0,0.19333275,-0.011920426,1.4125955735218871,4.321580502378405,-2.0138557,0.02449631928160014,2.608184,0.9841154854398261,-5.465324403286605,5.3392797,170.70713033870427,-0.18674153901915497
2901,0.35617945,0.8002026900803397,0.2816797229116667,-1.1848061211888954,0.0021264844,0.29185898895754814,1.5,0.10203887348471267,0.021019793128091935,-1.9594422220202694e-17,480,0.06975907221557365,0.9999894000083591,1.0,0.18536995,-0.013515287,1.406050455624262,3.6248066378411585,-2.5993915,0.023397514294947873,2.7608812,0.8889546626414759,-4.127240742832496,5.338192,125.36038915683912,-0.21409417533467928
2822,0.36174074,0.8677260461909021,0.23003351770227998,-1.3420283898028889,0.0033409863,0.48855320102515476,1.5,0.0855167332838755,0.011360309823152672,2.7696563052307236e-17,500,0.07350835370154861,0.9999883232674596,1.0,0.1896045,-0.014621294,1.543923718689267,4.217768248509309,-2.4501336,0.016643615447951482,2.535291,0.8940469503073375,-4.229687222997968,5.313845,119.17229083023365,-0.19197676990843615
3852,0.36221352,0.7841838386066828,0.4771453787478912,-2.065255148754453,0.0030455866,0.17703638027922264,1.5,0.10439756090955124,0.02423488620006204,0.0,520,0.07614202969083186,0.9999900549591869,1.0,0.20487662,-0.012402916,1.4716289498791926,3.221061033831497,-2.7189324,0.024766968631458112,2.579636,1.0265016047961186,-4.396875517106247,5.298477,218.37671600399844,-0.1989447549806102
3650,0.353232,0.8565141701953968,0.3682785783998082,-1.2379593313475354,0.0021766317,0.5210452682750895,1.5,0.12016988995994897,0.017262146754440388,-1.9466924267400005e-17,540,0.06922738228798278,0.9999882606615673,1.0,0.20037898,-0.011864677,1.3097319837200116,3.816221716808597,-2.0081453,0.027798340937423883,2.6682193,0.9664415574906344,-4.0870832184449,5.3036985,179.9354970872615,-0.23705892669467762
3432,0.35221156,0.8565464347546742,0.43109683498265494,-1.3657250004121526,0.0020573172,0.5122161746430706,1.5,0.13547765035079412,0.02010702241117032,-1.656276773333567e-17,560,0.07101458601338609,0.9999887138676247,1.0,0.19637395,-0.01416186,1.2826315999550777,3.932387231545698,-2.336842,0.030603517542066336,2.9484558,1.1023189063374983,-4.964327082147091,5.309431,197.29213272092704,-0.25107685630577065
3166,0.3560896,0.8454609530601878,0.3398161633047694,-1.4979377478211928,0.0024155618,0.36693811862151127,1.5,0.10415761172770897,0.016261265724736094,0.0,580,0.07161847931495696,0.9999901408290714,1.0,0.19789769,-0.013328755,1.2803688875331054,3.5832791492014984,-2.4446254,0.020604202671155168,2.345208,0.9730940106994623,-4.930240144156339,5.3040247,162.88472157218513,-0.14036525932694502
3467,0.3589014,0.825910661647302,0.3968134889697132,-1.22991641626096,0.0020557102,0.3671754939662558,1.5,0.11236502744144579,0.019581483876046253,-1.6395563559506204e-17,600,0.07108686827452872,0.9999899424493229,1.0,0.20191582,-0.01262013,1.1609096424440446,3.5834468470311873,-2.5698717,0.023509380934716176,2.744644,1.0450645626513024,-3.7983115246873096,5.296168,174.37448495405684,-0.14141153792448266
3369,0.35255933,0.8919248785317012,0.40488362857219695,-1.3749238058705522,0.0018164447,0.5850535956784807,1.5,0.11279398062850034,0.012230900846644846,-1.6872490015081038e-17,620,0.06750708251632037,0.999987867871891,1.0,0.20628124,-0.01162444,1.2968351273586816,4.256267290887214,-2.2881274,0.032458055370159035,2.557929,0.9797232032234806,-6.109090982293223,5.297512,188.86213005242604,-0.2394647324203379
3451,0.35642338,0.892536688179486,0.46187281870851254,-1.1667754139123656,0.0024649645,0.6182466992943084,1.5,0.12782733337047136,0.013868266956892226,0.0,640,0.07090641873541374,0.9999876730905847,1.0,0.20547661,-0.013900555,1.3866037277808587,4.131757905313316,-2.1147165,0.027854852883365915,3.1059256,0.9887995097276592,-4.748349938555482,5.2870235,207.49692090105708,-0.1591485647246497
3629,0.35425615,0.89152220325141,0.5316171452929325,-1.2625763835472756,0.001683776,0.609472410615686,1.5,0.10977049331511904,0.011941421197091968,-1.17477443222943e-17,660,0.0690751543917333,0.9999869455595763,1.0,0.20697555,-0.011318943,1.3466546740703245,4.247414133080291,-2.283416,0.033165314208401825,3.1816523,1.019293954999637,-4.467615844022924,5.2737117,242.62713065701865,-0.12780357706494944
3568,0.35320723,0.8849055565551649,0.4877115127784941,-1.139840233826116,0.002270153,0.5219399309234365,1.5,0.1086364476244561,0.012519457546648257,0.0,680,0.07001904674066023,0.9999891854664913,1.0,0.20534834,-0.013560912,1.3538463240994993,5.214675599203643,-2.4580655,0.02790522265018653,3.012822,0.9899244633237214,-4.688867038670346,5.27057,223.87477555459895,-0.153230565173616
3757,0.3529825,0.8795294876412939,0.4849426805556855,-1.2929599354127035,0.0018699882,0.5434742944186544,1.5,0.10263901005218697,0.012367079246475777,7.565001179239822e-18,700,0.06710349076427832,0.9999878323267596,1.0,0.20762533,-0.011837708,1.5280725251368426,4.160735427037236,-2.2909217,0.032208008328161696,2.402549,0.9854588493899127,-6.471558955355493,5.2523403,228.26239604176664,-0.12527744918125983
4606,0.35295662,0.8639337000310497,0.586828707786467,-1.1202120022029938,0.0018964978,0.12754277276353154,1.5,0.11206513952034285,0.015251282276564915,3.7023503383070785e-17,720,0.0678367221590957,0.9999878803373444,1.0,0.20904267,-0.009222301,1.3689854258940024,4.269247277530364,-2.3960807,0.035862203618014614,2.3683767,1.1501858483741658,-5.276688502940072,5.250679,295.66237586327884,-0.12223076037425487
3403,0.3534433,0.8837785242296304,0.4732293744884575,-1.132252319019884,0.0029923301,0.6535337729314261,1.5,0.10973788427172522,0.012753904559761392,-1.6703913858597714e-17,740,0.06971158251350838,0.9999860221903356,1.0,0.20080443,-0.0144402,1.3804128622230534,4.527049563674733,-2.172581,0.025752472103273343,2.5354352,1.0647084032234426,-5.827254947128723,5.2284956,220.5968841008351,-0.14228302882473728
3428,0.3522117,0.8652471675219344,0.5479137073175909,-1.1528000176940514,0.0023681447,0.29034826949843995,1.5,0.09624497139532823,0.013014243008773815,0.0,760,0.07331517281855045,0.9999889918416763,1.0,0.21403754,-0.013731116,1.3252937504719862,4.037119592671508,-2.3930194,0.023875688557391136,2.8830838,0.9520847617119164,-3.9193378210148015,5.212408,230.54425123467263,-0.0967942928884969
3431,0.34658346,0.8993096267406666,0.5616108278041663,-1.465667620845181,0.002365312,0.48320724997077114,1.5,0.1112348346074318,0.011202263004180143,-8.283797560595747e-18,780,0.06787468090970329,0.9999872251446936,1.0,0.2168471,-0.015089277,1.2389816394974487,4.621742101590505,-1.968432,0.030047601971948012,2.4585445,1.004959475402559,-5.877750129223998,5.220857,242.5517571540558,-0.15078308684392508
3601,0.3610508,0.8482468914029917,0.43272711282409027,-1.28031651718685,0.0027355992,0.32483487508157605,1.5,0.12628824993094168,0.019206391374957308,9.86590857761872e-18,800,0.06896808994203657,0.999989742077937,1.0,0.21710396,-0.0145859225,1.09149074837767,4.320741318984296,-2.439106,0.02234087149396351,2.7365825,1.0652952075883801,-5.030111819637629,5.2414374,202.73183464958385,-0.15446083873103872
3858,0.3506681,0.8883049297868679,0.5761742999856768,-1.341750966292393,0.0017481629,0.45905307619236635,1.5,0.11570689893556861,0.013045489976039356,2.9467816931471236e-17,820,0.06619315432593864,0.9999889456932095,1.0,0.21022004,-0.011192922,1.1030457379257887,5.229553893555166,-2.2967498,0.029834618668544397,2.2474127,1.091387322282791,-5.192117123521041,5.2243347,259.5476878748031,-0.12844196777285358
3917,0.3532872,0.8544656723068521,0.5887326885137472,-1.3149360383534874,0.0019513898,0.1020730154960321,1.5,0.09654352617837203,0.014054712261368386,-1.813997283022977e-17,840,0.06620606983648926,0.9999904448828111,1.0,0.21107557,-0.012356227,1.2960094177221146,4.619624042309126,-2.1806333,0.030559654424827727,2.5319178,1.0149980372863416,-4.955187297872474,5.2128243,269.3725308876084,-0.14891514624002986
3757,0.35805473,0.8473715351123761,0.6088326431599475,-1.4872304011233688,0.001896517,0.3828532129645069,1.5,0.07508553078343778,0.01149431509461384,-1.5130002358479643e-17,860,0.072923683817045,0.9999881988037113,1.0,0.23214522,-0.012609025,1.2026157727213016,5.031755310191711,-2.4700165,0.022767513905848913,2.8270473,1.031678578766025,-5.779942446302817,5.202364,263.5652947929044,-0.07017628635786856
3615,0.35661522,0.8945495382924628,0.612340337157793,-1.1781141524115128,0.0026142278,0.6224238315324637,1.5,0.08920216393682162,0.009436536317874137,1.5724320570071373e-17,880,0.06920139675043156,0.9999834500990047,1.0,0.2147239,-0.014083756,1.251787807013726,8.694996819957503,-2.11392,0.028888457686237143,2.647068,1.0243899297712542,-6.308159653846788,5.215071,268.05469942951356,-0.16663409325722608
3668,0.35694957,0.8996468384479557,0.6069801593779198,-1.4715063771120802,0.002773135,0.5978512936931264,1.5,0.11745661251809,0.011956498129921552,2.3245672925630322e-17,900,0.07175516876098761,0.9999858228707068,1.0,0.21353665,-0.014655251,1.1431984957341685,6.284775966532123,-2.8164778,0.021186417554131143,2.761804,1.0714087244993387,-6.567398622008746,5.2235594,264.48091754139045,-0.18202013656056146
3375,0.35699666,0.8993134148154787,0.5903068139586561,-1.2788798327101711,0.003646784,0.629016579821212,1.5,0.07829020340547349,0.007949752495631898,-2.105311809659556e-17,920,0.06921333047675587,0.9999850798023612,1.0,0.2147256,-0.015666675,1.1935250538903146,6.359854749870564,-2.2784512,0.02519802492830231,2.9423442,0.965292829786648,-6.165234763269661,5.2388377,261.83555847425015,-0.07210363812109813
3917,0.35407054,0.8854290311338033,0.5124041905223098,-1.4343449514050082,0.0022558875,0.5037713574342723,1.5,0.14060757692456122,0.016845309041836773,2.902395652836764e-17,940,0.06442396677889867,0.9999878861536697,1.0,0.21458876,-0.013590581,1.52181394740305,4.837020928229744,-2.0192215,0.02617604332680993,2.4969623,1.2113056143100407,-6.098482814435584,5.2544537,235.00490153488013,-0.1048291955175266
3561,0.36153778,0.8694061069317407,0.5716119124066651,-1.4542095169652307,0.0018256782,0.5253013212459546,1.5,0.11166491323688141,0.014864733180487588,3.192553713047347e-17,960,0.06903708376198424,0.9999871572374147,1.0,0.22227508,-0.011986764,1.1977748852363233,4.297405492087818,-2.105403,0.02870843044721338,2.9539628,1.0254402509210827,-5.8937002267111565,5.261488,261.16678785546435,-0.17823577147998754
4126,0.36194173,0.9258027001482262,0.6411987695072295,-1.3648375295549493,0.0027130342,0.5544405374636802,1.5,0.1074128665789406,0.007970644002106222,2.7553765807468743e-17,980,0.06357785784517395,0.9999870699472434,1.0,0.2257609,-0.012623319,1.1940309143170418,5.338446490374911,-2.2615795,0.03225539060489554,2.6888964,1.1618566654645197,-3.8073403092308133,5.2453365,290.53553096805865,-0.12464442970890224
3555,0.36202917,0.865264619635786,0.5125232604656728,-1.5404541373145726,0.0024408428,0.48383316126725917,1.5,0.1067391634337939,0.014545307388668363,-5.99614123004304e-18,1000,0.06823683408299325,0.9999882999752524,1.0,0.21469317,-0.017158702,1.2050152899401472,4.02219907816653,-2.3868542,0.02400459294568463,2.4584827,1.0394296584462466,-7.0463960047828795,5.2075434,240.11892578800422,-0.14190711767862402
3578,0.35867724,0.8785894101081465,0.6220126580007829,-1.4828599400988014,0.0024733327,0.5299354086912924,1.5,0.08155512906088587,0.0099017676615845,1.5886925338403582e-17,1020,0.06913034219636069,0.99998513970811,1.0,0.21438503,-0.017171014,1.2003281958003436,4.973842829947044,-2.071641,0.023340496518988733,2.8888793,1.04998816051965,-5.625919598372281,5.179574,269.45290634423304,-0.11766333126566483
3533,0.3535675,0.9077258803733873,0.5266164489528362,-1.240840925882258,0.0024337717,0.5725113758285882,1.5,0.10995545829787479,0.010152727156341388,-8.044638955676197e-18,1040,0.06462776148544509,0.999987437404863,1.0,0.21423747,-0.013512805,1.405284056838374,4.8822236181386,-1.9600892,0.02917321932356919,2.6858263,1.0075390106857496,-5.335546178647285,5.165634,237.42812436931317,-0.15730652890927777
3753,0.35456684,0.9085909965517055,0.5746062574257085,-1.5159959165663317,0.0023097103,0.613499131233499,1.5,0.10820733592707424,0.009900959744605073,-1.1359596095285374e-17,1060,0.06418299981613299,0.9999867353545655,1.0,0.21345922,-0.012835323,1.084272457674348,6.252302823726712,-2.3094764,0.029124496879387125,3.1226459,1.117467586435144,-5.497384782531817,5.1627254,262.6270694413987,-0.08957575458869141
3877,0.35699883,0.9062731340995643,0.723001310912748,-1.2378957348093116,0.0020940022,0.6687016442103193,1.5,0.06923211940329281,0.006556170000298049,-6.781037199670804e-17,1080,0.062136112768294845,0.9999818260845034,1.0,0.20800322,-0.013390467,1.0602507717234004,7.868354327279913,-2.1568494,0.03890698864969774,2.832963,1.1067676424146695,-4.687970682341977,5.159405,319.68720487788624,0.011058513398690965
4032,0.35779476,0.9119043767032089,0.5976766609063009,-1.3692397917115962,0.0038420646,0.48036249607894055,1.5,0.1019905438882209,0.009189017767298645,1.409807015397024e-17,1100,0.06237402805471749,0.9999874875409683,1.0,0.21865207,-0.017216159,1.2225599214154317,6.606013663015886,-2.171001,0.031047705064572304,2.5721567,1.1062748934121145,-6.082280347940369,5.1709156,277.8700682860985,-0.14490283678100924
4719,0.35583162,0.9023984541508937,0.6886114146220621,-1.3218197946354682,0.0021733635,0.3842015283054049,1.5,0.09564394413149536,0.009599451105629117,0.0,1120,0.06112274781522489,0.99998864971426,1.0,0.22514252,-0.010589817,1.143304199040747,5.432067585205577,-2.157075,0.04082465582796313,2.5220647,1.2165363737702053,-4.8231992656315565,5.1790266,335.67755786721506,-0.11801801765300685
3662,0.3574812,0.931887795465529,0.6819680621076114,-1.505853878311817,0.0038393892,0.6621233965360716,1.5,0.09642397861808204,0.006626105905754401,0.0,1140,0.06334810849579767,0.9999844016001392,1.0,0.20382595,-0.017720629,1.0723880339016258,7.037829864152203,-2.1962574,0.03340227138672505,3.0144475,1.1018027319897472,-6.264185641335591,5.184526,299.6879654787348,-0.17806910676844723
5152,0.3608618,0.853614350385052,0.6981115014110001,-1.3794522044816864,0.0020031547,0.42246709458693243,1.5,0.12613441581802848,0.018723153438576574,1.654990844161724e-17,1160,0.060484400623091746,0.9999876108039276,1.0,0.23570418,-0.010088777,1.0668072189481006,5.440587268384787,-2.1557007,0.033988656530428915,2.6109476,1.2110329322845639,-5.963006428323421,5.1669393,340.5451803349784,-0.1150332305057075
4204,0.3638655,0.910324192351298,0.7071466132405054,-1.2486177589747047,0.0029296067,0.5825274046530171,1.5,0.078201112584212,0.007050725291116483,3.042285738268745e-17,1180,0.06609625446283639,0.9999855057353519,1.0,0.2201335,-0.014361365,1.1602940852087298,5.296644686527398,-2.244332,0.023737252015877862,2.73108,1.071505639066668,-6.973721920216819,5.184831,327.3451754668949,-0.0828026409282658
3856,0.36592665,0.9290226116356829,0.6670724236695109,-1.1169708967687118,0.0033190902,0.6174769125783519,1.5,0.09231272376873198,0.0065619546333104024,-1.4741550534441913e-17,1200,0.06404145390965676,0.9999832584027264,1.0,0.21972293,-0.015142755,0.9990000000000008,7.048626415749546,-2.2464075,0.03411378176503984,2.5603898,1.107457976360036,-7.044643287126183,5.2122474,291.1304681784636,-0.1007141490876687
3988,0.36033714,0.9030270486044075,0.6379841900338225,-1.4578534107595964,0.0024186794,0.5461547028112274,1.5,0.12074967396103285,0.011719307345648895,1.4253615561887667e-17,1220,0.06328132249651791,0.9999864973307168,1.0,0.2144496,-0.0137529895,1.0595780714971064,6.126962721225303,-2.410436,0.024380261417987832,3.1250691,1.1110177199709086,-7.0989665941315145,5.22145,286.8106518344597,-0.11517568343859853
3581,0.37026286,0.920489020190427,0.6936636714043858,-1.4760620718102215,0.0026365065,0.5116882435108331,1.5,0.08171174399613769,0.006520768927489189,1.587361599017258e-17,1240,0.0678262578888184,0.9999856673265225,1.0,0.21112788,-0.014964103,1.1383207488899547,5.9583358593945634,-2.2840667,0.024610347969424972,2.5367668,1.0768996628736809,-5.680863048533464,5.238969,293.4164598571498,-0.060690874894055516
4670,0.36691415,0.9200037167206807,0.7729027212201856,-1.6405712331373716,0.004231107,0.6227484288646988,1.5,0.07065893589987612,0.00567662818141711,-2.7387086174907502e-17,1260,0.06331620794789873,0.9999818342955377,1.0,0.21712708,-0.018791009,1.2745070439134911,5.941503720963331,-2.1006734,0.029829820699551236,2.8421547,1.1318532553275658,-6.821473146086758,5.2332144,367.112969832246,0.009356340659869459
4785,0.37351933,0.942268974645666,0.8005044153087862,-1.584750170412897,0.0024086414,0.822558057280876,1.5,0.07527986069487017,0.004353414870752826,4.7518009497018195e-17,1280,0.061881251298037246,0.9999747710238123,1.0,0.21732557,-0.012402793,1.0518016761262483,8.765527501123103,-2.643225,0.03398296296621297,2.6178205,1.2133128271499631,-4.70566250368062,5.2310553,379.22063674458315,0.012399710602461258
3916,0.3721212,0.9400926167095851,0.6858742067179482,-1.3404255437119195,0.0025434934,0.7145495477526956,1.5,0.12163737674679882,0.007551057654004738,7.257842040450462e-18,1300,0.06775543499378311,0.999983357465892,1.0,0.22225124,-0.014460358,1.060450299539362,3.0533136159616334,-2.17976,0.017563385662029127,2.6455011,1.1436373025827593,-11.903319432599163,5.219283,293.8512259657321,-0.13853221567223295
4266,0.3698034,0.9459099322281882,0.7628607601408408,-1.6069500566192347,0.0027148416,0.7693068559048892,1.5,0.09069892128314548,0.004928905492908744,2.6649516577969066e-17,1320,0.06829502475522038,0.9999806483384046,1.0,0.22443904,-0.014695689,1.161838144781458,7.264093307654201,-2.1456156,0.01926430960046505,2.5166745,1.186597289781869,-9.759750872997277,5.1865005,331.5587443741707,0.000974875733967805
4783,0.3733472,0.8796006651638227,0.736448765349015,-1.4516834870768094,0.0027399827,0.47975825794729965,1.5,0.11336967386942765,0.013649842610985398,-1.188446975973406e-17,1340,0.06650426327255099,0.9999850899768375,1.0,0.22071823,-0.014536177,1.1787850079919104,7.701744349668496,-2.376203,0.02323128732557114,2.644003,1.2352458186671933,-7.7069887543030715,5.1738863,358.39673834363964,-0.13154788443155688
4848,0.36983714,0.8821559645771165,0.7565458322572486,-1.630998684274688,0.005406586,0.19699462020561176,1.5,0.09457882011797271,0.011393286896110402,1.1725127652806934e-17,1360,0.06821732801459349,0.9999874257383109,1.0,0.2257713,-0.019932728,1.188222047742629,4.780814524480502,-2.4504926,0.01754199027851441,2.73451,1.2204964949171844,-7.580648378335563,5.1769996,366.4479610840464,0.0023613264165314
5264,0.37898746,0.9112713095695583,0.83139811476016,-1.6277532537669614,0.0019133101,0.46050521013458134,1.5,0.090722940554258,0.008080688905294328,-5.3992609100311564e-18,1380,0.0702375770848937,0.9999864640101599,1.0,0.22477181,-0.0108646,1.1813944744246432,6.511291362984038,-2.2638512,0.019624606665087453,2.7795374,1.2475714813598204,-5.98781966466456,5.166099,413.79235071883915,-0.0021053467354532488
5511,0.37931392,0.9063089342087318,0.8024252868106098,-1.444852730639619,0.0034644154,0.6768485309899349,1.5,0.11209254944117789,0.010502144378062659,1.547180698443332e-17,1400,0.07041138763591241,0.9999815381520324,1.0,0.2388367,-0.013633426,1.2257365032709808,4.56254785648097,-2.6816003,0.010198399474708839,3.0290792,1.2569042932793217,-8.967999116232926,5.153465,400.9239171386714,-0.10755108153058526
5208,0.3767941,0.9363437688011862,0.8121059714153553,-1.5123266477081836,0.003058178,0.38080738432564554,1.5,0.07951521893160902,0.005069968759477392,-1.0914634957912445e-17,1420,0.07066411177504188,0.999983882801039,1.0,0.22999826,-0.012753252,1.1460149596257854,8.035355827123487,-2.6558924,0.01756601626212104,2.8001592,1.2054541100215392,-9.582404163520279,5.1492214,407.6579350097485,0.004576641570059811
5219,0.3822662,0.879625190239087,0.8510207680198968,-1.6434689077063585,0.0032482422,0.64296236955174,1.5,0.08835083092641484,0.01065855494116003,4.356652144917265e-17,1440,0.07238292471570927,0.9999814456444446,1.0,0.22790459,-0.013157912,1.141470857086924,6.4983652135058705,-2.2840989,0.01460124439562681,2.7445102,1.3464684135108504,-10.771204788538878,5.1516304,417.49676653700783,0.010044017253781139
4099,0.37769517,0.899058144399637,0.6743361072860956,-1.2882878652431307,0.0023698627,0.43705340154834693,1.5,0.10786817371922419,0.011098661475158351,5.547052340649721e-17,1460,0.06803849201655941,0.9999846965870755,1.0,0.2142969,-0.012878963,1.2038435048311054,5.572841935199347,-3.1057506,0.02134578948669705,2.767699,1.162042491603155,-7.362438481593289,5.1440363,319.5917279633999,-0.07437844951459657
5555,0.37898955,0.9135180420356221,0.87181058662339,-1.3977645166773076,0.004935351,0.32490640310432717,1.5,0.08109304711590481,0.007716421738738318,1.0232838678813324e-17,1480,0.06850014688077644,0.9999854925041542,1.0,0.22890772,-0.01621904,1.0887914015381237,6.178805103117909,-2.5964098,0.014201009380720967,2.7623506,1.3432762597990613,-3.7742648249438244,5.132159,443.086314894522,0.013896663288242076
4131,0.37444606,0.9223178148969474,0.8274746810931598,-1.3722193957625544,0.0063703875,0.8502369610027078,2.25,0.09567614856254064,0.007580349630630642,0.0,1500,0.07080586454143656,0.9999750861708468,1.0,0.20089604,-0.019436656,1.1003365473727043,8.38879246583205,-2.4068565,0.014178190281208924,3.1202476,1.2943984571353064,-3.377999458101001,5.1314983,370.83462088913006,0.013370930550116357
4171,0.3843114,0.9259873511840614,0.827824174173471,-1.4564054738053398,0.0023674143,0.8431760701287728,2.25,0.0916682370828149,0.006799249054936378,1.3628247149558382e-17,1520,0.0742625930860487,0.9999766276504167,1.0,0.20060225,-0.014538702,1.396718385605682,8.778924399987122,-2.2550795,0.010766283046470771,3.1816897,1.245571812245025,-3.641898268457673,5.122362,372.8333707361561,0.014030943386873149
4830,0.3803997,0.9013754556675889,0.8463004579510934,-1.4654395347457845,0.0029474855,0.5713878429644309,2.25,0.11321127635754816,0.011257433984904454,-1.1768823780705593e-17,1540,0.07219826943910651,0.9999842946589805,1.0,0.21840405,-0.016566537,1.4154744319771184,4.7484362031066,-2.1615634,0.006266083773044212,2.5795383,1.3517458952844172,-9.222009770181591,5.1213217,397.3990814879131,-0.006732972910108792
4824,0.3880752,0.8743088825506655,0.7892184727608729,-1.5817214952809677,0.0023219774,0.2752850957820392,2.25,0.10572592616677752,0.013386102886103842,-1.1783461621228859e-17,1560,0.07064617748523004,0.9999868430125556,1.0,0.21115139,-0.0149397105,1.191506137888253,6.132763326871629,-2.547377,0.020268500770560794,2.8702004,1.2542979909222023,-8.171426562602297,5.129095,384.9606782832344,-0.09259865542155617
6617,0.3910297,0.9303913399291073,0.9427791586802765,-1.5297477848105285,0.0017288852,0.3609421637856469,2.25,0.07325459357030047,0.005141868000699966,3.0066792506094615e-17,1580,0.06904510631671858,0.999987964463676,1.0,0.2258952,-0.010256097,1.2336763056677214,9.252065752323015,-2.7273803,0.01803931592638747,2.8259401,1.274173251333641,-5.321280814342511,5.1316743,520.6158738385755,0.015492972864109037
4025,0.38366607,0.873411248417571,0.7737533281236428,-1.5519501202799575,0.0026325942,0.5460614216437567,2.25,0.10971485341718551,0.014374039361565182,0.0,1600,0.069473209597748,0.9999862598708263,1.0,0.19989705,-0.01469451,1.0833847511526264,6.362634559962432,-2.3767238,0.019757120902515767,3.0676153,1.2341055857432124,-7.932680750901611,5.1170187,341.8078565733969,-0.04493082231471486
8288,0.3794894,0.9124971434075553,0.9294929279625305,-1.6917285412568315,0.0014828322,0.6135890731322495,1.5,0.07542841618618297,0.006735794895227424,9.43046584623685e-18,1620,0.06479415636838953,0.9999804401028948,1.0,0.24748154,-0.009764453,1.0587170313159486,8.485675713700552,-2.6114843,0.01925632307444592,2.78841,1.3689267563732044,-12.037384579628316,5.1081614,588.6629557256426,0.00524201234116973
4660,0.38723186,0.9053433281076477,0.8386284737108453,-1.7398194832827245,0.0044019166,0.6631118211688186,1.5,0.10332102392576292,0.009951139339154319,-1.2198158553821462e-17,1640,0.06936619522140791,0.9999848680360702,1.0,0.20114386,-0.01871882,1.6387498990688683,8.033915214295112,-2.4664166,0.019780539663612293,2.8433802,1.2238168264531781,-8.37022131646016,5.0940614,392.0324510059039,-0.036924951729072585
4311,0.39582968,0.8963578510013092,0.8762822151873052,-1.5078336514076958,0.004861763,0.8082453832842857,1.5,0.10821180928302124,0.011232203278060938,6.5928344770132236e-18,1660,0.07383172013128295,0.9999783649415233,1.0,0.2049763,-0.0200505,1.1469534780045996,12.6080223393253,-2.4621382,0.008972071401829734,3.1871064,1.4277817489428184,-3.6759399823983214,5.073868,394.4641285573238,0.010092991498125122
3896,0.39258537,0.8717095230778097,0.7691276083710514,-1.4660977113993967,0.0045142346,0.6028846355516482,1.5,0.13308159741176448,0.01733617952150899,-2.9180399825876805e-17,1680,0.07106066250562248,0.9999855167721331,1.0,0.19891341,-0.018208664,1.084474120577876,8.287153634395274,-2.669229,0.0157273238597953,2.4861042,1.2933840782884078,-7.771079433469403,5.0568533,341.0240370826923,-0.10643604520070424
5144,0.38365772,0.9234315196896665,0.9318754485916775,-1.5650525071651333,0.0044056503,0.7810957722241234,1.5,0.09440711855275577,0.0074556088282397865,1.1050431349301714e-17,1700,0.06944135363418201,0.9999798869977614,1.0,0.21767479,-0.017458854,1.31438568385398,10.810481550084276,-2.8134544,0.014562493526672673,3.039911,1.4413998744098104,-4.053858264240575,5.042927,452.36851252940005,0.013917420856951171
4958,0.38814077,0.94178620329937,0.9304932493321045,-1.3607111787875676,0.005258583,0.8675340111989539,1.5,0.10124816690439617,0.005902905588478967,5.732494842759985e-18,1720,0.07035870878501689,0.9999759388384941,1.0,0.20396769,-0.024050858,1.1162568365193788,11.18148935798739,-2.542107,0.00689476591756754,3.1989584,1.3395382671976408,-3.032330827430654,5.0405064,447.8774693823789,0.010871095931555
5344,0.3926338,0.917686674295062,0.9785905270829426,-1.426518292796223,0.005189377,0.8323738280623425,1.5,0.10476193672160629,0.0090157592015662,0.0,1740,0.07280520163598098,0.9999723817742736,1.0,0.21924041,-0.01799408,1.1179976292413734,9.784918497566457,-2.4898286,0.006764741105731831,3.1972203,1.5042192341067107,-3.6972379820888848,5.0519433,474.62410754326186,0.014621568393523774
4926,0.3882512,0.9292119618216521,0.9742212253207083,-1.4987187101589206,0.0040348982,0.860850945585111,1.5,0.12447369291528136,0.008950883713142605,-2.3078935794075523e-17,1760,0.07426958367650298,0.9999763348298099,1.0,0.23270267,-0.017667506,1.230046148348673,6.103393015832233,-2.3551464,-0.00919012874154473,2.7083983,1.44426252522473,-14.459671920323828,5.0618076,458.83042241262285,0.00498054597386251
5437,0.3932161,0.905737270459186,0.9792103681273929,-1.6109506367405946,0.00417829,0.6319574921170055,1.5,0.12916799189269232,0.012387184819210148,-5.2274617308081676e-17,1780,0.07499468974079775,0.9999813948611853,1.0,0.24251057,-0.0155253345,1.3107791282142338,7.333473590186476,-2.4769046,-0.0111892830538225,2.852334,1.4916245791544935,-10.301192239851453,5.056508,491.2599108258731,0.004628009673457096
4539,0.39570484,0.9078965574712549,0.9273655366561477,-1.4860437991701572,0.004400187,0.7773912648836437,1.5,0.11792774597798474,0.010929137356978452,6.261667642741574e-18,1800,0.07779890424866095,0.9999813709768987,1.0,0.2206532,-0.020140832,1.1237019457642496,10.92813859174072,-2.5111754,-0.0017905194046749133,2.6905675,1.437977058052637,-3.7551577752047542,5.0425997,434.5897041534596,0.012997016855296906
5290,0.4010007,0.9390878983154399,1.0072030472231046,-1.5063052965116255,0.0051263184,0.8819095994934728,1.5,0.11201776696054286,0.007144055663658899,-2.686361949943668e-18,1820,0.07514908712981158,0.9999734567716588,1.0,0.234238,-0.01620328,1.2650660164938328,4.318688465771655,-2.732016,-0.016116577737393778,3.005558,1.462368734106494,-4.560691652699091,5.0338473,501.30473111482013,0.01604148307673347
4713,0.4092895,0.9162197271491416,0.9999604862889248,-1.8810874516515705,0.0058604283,0.8109669642372888,1.5,0.13210105108863948,0.01117557282803688,2.4121968538429032e-17,1840,0.08406155857642562,0.9999809750348043,1.0,0.23166208,-0.020512449,1.4874198195227282,4.835421668199971,-2.8671212,-0.013844584211336849,3.0236921,1.5983247720689295,-12.057438788108158,5.0307875,459.5302773423047,0.004432841387149346
4219,0.40044475,0.9000156305879652,0.9304193629874964,-1.58110337727824,0.008866017,0.7770312374187911,2.25,0.1377818624957552,0.013780633721773272,-1.3473197170137003e-17,1860,0.08134261214369572,0.9999816030716755,1.0,0.21941862,-0.035337936,1.548293105558665,8.670927337183782,-2.3425918,-0.01202242645879267,2.9415636,1.4890256725508793,-10.115525535586883,5.0392795,419.9351512373223,0.0038178789199278143
5122,0.40885046,0.9425454810560879,1.022855395142409,-1.623889001919426,0.0033039048,0.7504384995098075,2.25,0.13758483179983252,0.008109007116447174,4.439158052386413e-17,1880,0.08644608302148181,0.9999833318899586,1.0,0.23134756,-0.014102535,1.5863682694148389,10.9466164851739,-2.3251014,-0.026278309011968273,2.8823972,1.5011060802175349,-10.998572103686747,5.0476866,501.577381431511,0.005032592999456017
5086,0.41006434,0.9416233883992104,1.047087655750557,-1.6833411428674872,0.003959105,0.7776453701028294,2.25,0.130155115895656,0.007600169288769175,-5.588224425954386e-18,1900,0.08234901373929523,0.9999842312832657,1.0,0.2239242,-0.021116037,1.714435549421424,9.561562568419118,-2.6144657,-0.015409203547857396,2.969385,1.5974231423393088,-4.525049432651426,5.078202,511.1791074346771,0.015721964110733004
3837,0.42810848,0.7784216544880818,0.9508324711793862,-1.7801480513108976,0.0038639193,0.49578946916401534,2.25,0.160730884148671,0.03660454025663539,-7.407273763462082e-18,1920,0.08731736999708747,0.9999892607454147,1.0,0.20912004,-0.021486213,1.330559594221598,2.7228270526506932,-2.7781725,-0.014122257586150893,3.123121,1.4767797932811897,-7.77896535502804,5.078693,393.6628054147878,0.005570590270962066
3820,0.42329764,0.8626183694516103,0.9792454482802355,-1.628264144917697,0.0049123964,0.6020864602308558,2.25,0.16276050655757807,0.022415212287720854,0.0,1940,0.08713375266493231,0.9999895480823806,1.0,0.21457867,-0.024508562,1.5239196209241004,8.125228565150312,-2.3345287,-0.009852907499355225,2.9082751,1.5740337879910622,-6.2586504338455375,5.0747857,397.7360471351795,0.005109268828589149
5262,0.41716275,0.9354927045409992,1.039567935550724,-1.8687589827799127,0.0033241557,0.7552380977927382,2.25,0.12787798239699275,0.00825012836420234,-2.160525232261802e-17,1960,0.08119052738070726,0.9999833913356192,1.0,0.23538727,-0.01761961,1.450221831175043,11.899535258291664,-2.523512,-0.018385248003341983,3.2180636,1.560659146709477,-3.7127478999960966,5.0714474,519.7498453146684,0.015956911541860498
4561,0.42361465,0.9087672490330344,1.0362192057197734,-1.624221841925195,0.0033087279,0.7149506467187539,2.25,0.15550591442832398,0.014196337659205506,0.0,1980,0.08308071538487277,0.9999844872786364,1.0,0.21456121,-0.01805497,1.4462569092232413,6.773854431420345,-2.958398,0.000978591209110637,2.8144338,1.5917084225357498,-10.088390394847378,5.0791454,470.50200376583064,0.0032880058259744044
5167,0.4313039,0.8473510646104723,1.0405806466714036,-1.5190240000000288,0.0031788088,0.5561026055349956,2.25,0.1714288093975014,0.026325889615545016,0.0,2000,0.08199545433663287,0.9999863239645757,1.0,0.2348587,-0.016328517,1.251364208881489,6.0882434346446805,-2.3875668,-0.013947409255757761,2.9786372,1.6855465333310446,-8.229761290368446,5.055218,498.29428449559555,0.004405756832978516
